organization,account,operation,asset,anch_val,non_anch_val
Electric Sheep,ES Capital Fund,Delegation,ETH,160.47,0.00
Moon Enterprises,ME Venture Fund,Staking,ROSE,0.00,168.68
Moon Enterprises,ME Venture Fund,Delegation,EVMOS,151.52,0.00
Electric Sheep,ES Capital Fund,Delegation,ROSE,0.00,146.89
Electric Sheep,ES Venture Fund,Staking,SEI,120.32,0.00
Moon Enterprises,ME Venture Fund,Staking,OSMO,0.00,129.71
Electric Sheep,ES Capital Fund,Delegation,SUI,152.38,0.00
Electric Sheep,ES Capital Fund,Delegation,ROSE,0.00,107.95
Moon Enterprises,ME Venture Fund,Delegation,OSMO,117.33,0.00
Moon Enterprises,ME Venture Fund,Delegation,ROSE,0.00,153.06
Moon Enterprises,ME Capital Fund,Delegation,FLOW,188.05,0.00
Firetronics,FT Venture Fund,Delegation,AXL,0.00,107.43
Electric Sheep,ES Capital Fund,Staking,ETH,193.28,0.00
Firetronics,FT Venture Fund,Delegation,APT,0.00,142.84
Electric Sheep,ES Venture Fund,Staking,ATOM,109.08,0.00
Moon Enterprises,ME Capital Fund,Staking,EVMOS,0.00,169.08
Electric Sheep,ES Capital Fund,Delegation,ETH,175.58,0.00
Firetronics,FT Capital Fund,Delegation,SOL,0.00,132.21
Moon Enterprises,ME Venture Fund,Delegation,CELO,162.27,0.00
Electric Sheep,ES Capital Fund,Delegation,OSMO,0.00,123.88
Moon Enterprises,ME Capital Fund,Delegation,SEI,143.49,0.00
Moon Enterprises,ME Capital Fund,Staking,SOL,0.00,183.05
Moon Enterprises,ME Capital Fund,Staking,ETH,160.40,0.00
Firetronics,FT Capital Fund,Delegation,ROSE,0.00,191.58
Moon Enterprises,ME Capital Fund,Delegation,CELO,145.84,0.00
Firetronics,FT Venture Fund,Delegation,SUI,0.00,164.18
Electric Sheep,ES Capital Fund,Staking,HASH,169.38,0.00
Firetronics,FT Venture Fund,Staking,CELO,0.00,129.40
Firetronics,FT Venture Fund,Staking,AXL,123.18,0.00
Firetronics,FT Venture Fund,Delegation,SOL,0.00,139.22
Moon Enterprises,ME Venture Fund,Staking,SEI,141.18,0.00
Electric Sheep,ES Venture Fund,Staking,ROSE,0.00,110.74
Electric Sheep,ES Venture Fund,Staking,SUI,173.98,0.00
Electric Sheep,ES Venture Fund,Delegation,ATOM,0.00,115.18
Electric Sheep,ES Capital Fund,Staking,CELO,132.26,0.00
Moon Enterprises,ME Capital Fund,Delegation,FLOW,0.00,165.30
Electric Sheep,ES Venture Fund,Delegation,AXL,101.28,0.00
Electric Sheep,ES Venture Fund,Delegation,OSMO,0.00,134.77
Firetronics,FT Capital Fund,Staking,OSMO,140.21,0.00
Firetronics,FT Venture Fund,Staking,HASH,0.00,170.03
Electric Sheep,ES Capital Fund,Delegation,ATOM,178.08,0.00
Firetronics,FT Venture Fund,Delegation,SEI,0.00,184.86
Electric Sheep,ES Capital Fund,Staking,ETH,109.30,0.00
Moon Enterprises,ME Capital Fund,Delegation,CELO,0.00,108.25
Moon Enterprises,ME Capital Fund,Delegation,HASH,131.93,0.00
Moon Enterprises,ME Venture Fund,Staking,ROSE,0.00,142.87
Firetronics,FT Venture Fund,Delegation,FLOW,103.58,0.00
Moon Enterprises,ME Capital Fund,Staking,FLOW,0.00,172.42
Electric Sheep,ES Capital Fund,Delegation,SEI,124.78,0.00
Firetronics,FT Capital Fund,Delegation,ETH,0.00,175.17
Moon Enterprises,ME Capital Fund,Delegation,ETH,106.88,0.00
Electric Sheep,ES Venture Fund,Staking,SOL,0.00,133.21
Moon Enterprises,ME Capital Fund,Delegation,ETH,196.71,0.00
Firetronics,FT Capital Fund,Staking,AXL,0.00,171.85
Moon Enterprises,ME Venture Fund,Delegation,HASH,179.17,0.00
Electric Sheep,ES Capital Fund,Staking,OSMO,0.00,185.57
Moon Enterprises,ME Venture Fund,Delegation,ROSE,183.99,0.00
Firetronics,FT Venture Fund,Delegation,ATOM,0.00,131.48
Electric Sheep,ES Capital Fund,Delegation,ATOM,164.32,0.00
Firetronics,FT Venture Fund,Delegation,SOL,0.00,121.47
Electric Sheep,ES Venture Fund,Delegation,HASH,141.36,0.00
Moon Enterprises,ME Venture Fund,Staking,ROSE,0.00,132.42
Electric Sheep,ES Venture Fund,Staking,SOL,167.15,0.00
Electric Sheep,ES Venture Fund,Delegation,AXL,0.00,113.41
Electric Sheep,ES Capital Fund,Staking,FLOW,118.16,0.00
Electric Sheep,ES Venture Fund,Delegation,SEI,0.00,171.07
Moon Enterprises,ME Capital Fund,Staking,EVMOS,149.86,0.00
Moon Enterprises,ME Venture Fund,Delegation,CELO,0.00,131.54
Electric Sheep,ES Venture Fund,Staking,SEI,186.52,0.00
Moon Enterprises,ME Venture Fund,Staking,AXL,0.00,195.06
Firetronics,FT Capital Fund,Staking,SOL,126.25,0.00
Moon Enterprises,ME Venture Fund,Delegation,FLOW,0.00,109.73
Firetronics,FT Capital Fund,Staking,HASH,185.54,0.00
Firetronics,FT Venture Fund,Staking,EVMOS,0.00,130.39
Electric Sheep,ES Capital Fund,Staking,OSMO,125.72,0.00
Firetronics,FT Venture Fund,Staking,OSMO,0.00,184.10
Electric Sheep,ES Venture Fund,Staking,APT,196.26,0.00
Electric Sheep,ES Venture Fund,Staking,ETH,0.00,147.57
Moon Enterprises,ME Capital Fund,Staking,APT,183.29,0.00
Electric Sheep,ES Venture Fund,Staking,HASH,0.00,175.65
Electric Sheep,ES Venture Fund,Staking,SEI,136.23,0.00
Electric Sheep,ES Venture Fund,Delegation,ETH,0.00,165.75
Electric Sheep,ES Capital Fund,Staking,SOL,114.97,0.00
Firetronics,FT Venture Fund,Delegation,CELO,0.00,169.98
Moon Enterprises,ME Capital Fund,Delegation,ROSE,109.91,0.00
Firetronics,FT Venture Fund,Staking,EVMOS,0.00,124.58
Electric Sheep,ES Capital Fund,Delegation,HASH,183.75,0.00
Firetronics,FT Capital Fund,Staking,SUI,0.00,195.30
Electric Sheep,ES Venture Fund,Staking,OSMO,142.37,0.00
Moon Enterprises,ME Venture Fund,Delegation,OSMO,0.00,124.86
Moon Enterprises,ME Capital Fund,Delegation,FLOW,151.13,0.00
Firetronics,FT Venture Fund,Staking,HASH,0.00,141.23
Firetronics,FT Capital Fund,Staking,EVMOS,129.33,0.00
Moon Enterprises,ME Capital Fund,Delegation,HASH,0.00,139.40
Electric Sheep,ES Capital Fund,Staking,FLOW,159.62,0.00
Moon Enterprises,ME Capital Fund,Staking,ATOM,0.00,108.15
Moon Enterprises,ME Capital Fund,Delegation,APT,132.46,0.00
Moon Enterprises,ME Capital Fund,Staking,HASH,0.00,142.02
Firetronics,FT Capital Fund,Staking,HASH,122.86,0.00
Moon Enterprises,ME Venture Fund,Staking,OSMO,0.00,144.51
Firetronics,FT Capital Fund,Staking,APT,120.62,0.00
Moon Enterprises,ME Venture Fund,Delegation,AXL,0.00,160.99
Moon Enterprises,ME Capital Fund,Staking,ROSE,100.75,0.00
Moon Enterprises,ME Venture Fund,Staking,SEI,0.00,132.73
Electric Sheep,ES Capital Fund,Staking,SUI,178.40,0.00
Moon Enterprises,ME Capital Fund,Delegation,EVMOS,0.00,156.54
Firetronics,FT Capital Fund,Delegation,APT,110.33,0.00
Electric Sheep,ES Venture Fund,Staking,SUI,0.00,137.55
Moon Enterprises,ME Capital Fund,Staking,ROSE,133.48,0.00
Moon Enterprises,ME Venture Fund,Staking,EVMOS,0.00,136.81
Electric Sheep,ES Venture Fund,Delegation,EVMOS,118.90,0.00
Firetronics,FT Venture Fund,Staking,SUI,0.00,127.84
Firetronics,FT Capital Fund,Staking,SEI,134.68,0.00
Moon Enterprises,ME Capital Fund,Delegation,EVMOS,0.00,117.98
Moon Enterprises,ME Venture Fund,Staking,ETH,102.65,0.00
Moon Enterprises,ME Capital Fund,Staking,SEI,0.00,173.12
Electric Sheep,ES Capital Fund,Delegation,APT,109.65,0.00
Electric Sheep,ES Venture Fund,Staking,OSMO,0.00,191.55
Moon Enterprises,ME Venture Fund,Staking,SOL,108.96,0.00
Firetronics,FT Venture Fund,Delegation,APT,0.00,106.32
Electric Sheep,ES Capital Fund,Delegation,FLOW,120.23,0.00
Moon Enterprises,ME Venture Fund,Delegation,ETH,0.00,116.60
Firetronics,FT Venture Fund,Delegation,EVMOS,118.93,0.00
Firetronics,FT Venture Fund,Delegation,FLOW,0.00,167.55
Moon Enterprises,ME Venture Fund,Delegation,ETH,112.32,0.00
Electric Sheep,ES Capital Fund,Delegation,ATOM,0.00,105.06
Firetronics,FT Venture Fund,Staking,CELO,186.69,0.00
Moon Enterprises,ME Venture Fund,Staking,OSMO,0.00,185.45
Electric Sheep,ES Capital Fund,Staking,APT,178.37,0.00
Moon Enterprises,ME Venture Fund,Delegation,HASH,0.00,102.71
Firetronics,FT Capital Fund,Staking,AXL,129.18,0.00
Electric Sheep,ES Venture Fund,Delegation,AXL,0.00,150.13
Electric Sheep,ES Venture Fund,Delegation,SUI,113.82,0.00
Moon Enterprises,ME Capital Fund,Staking,FLOW,0.00,117.82
Firetronics,FT Capital Fund,Delegation,FLOW,106.92,0.00
Electric Sheep,ES Venture Fund,Staking,SEI,0.00,102.68
Electric Sheep,ES Capital Fund,Delegation,ETH,161.25,0.00
Firetronics,FT Venture Fund,Delegation,HASH,0.00,141.51
Electric Sheep,ES Capital Fund,Delegation,EVMOS,149.82,0.00
Moon Enterprises,ME Venture Fund,Delegation,ATOM,0.00,124.47
Moon Enterprises,ME Venture Fund,Delegation,HASH,107.23,0.00
Firetronics,FT Capital Fund,Delegation,HASH,0.00,178.36
Firetronics,FT Venture Fund,Delegation,HASH,107.88,0.00
Firetronics,FT Capital Fund,Staking,CELO,0.00,105.68
Firetronics,FT Capital Fund,Delegation,OSMO,177.19,0.00
Firetronics,FT Capital Fund,Delegation,SEI,0.00,181.00
Firetronics,FT Capital Fund,Delegation,CELO,197.70,0.00
Electric Sheep,ES Venture Fund,Staking,SUI,0.00,173.44
Moon Enterprises,ME Capital Fund,Staking,APT,154.15,0.00
Firetronics,FT Capital Fund,Staking,ROSE,0.00,118.56
Moon Enterprises,ME Capital Fund,Staking,EVMOS,158.05,0.00
Moon Enterprises,ME Venture Fund,Staking,SEI,0.00,165.63
Moon Enterprises,ME Capital Fund,Delegation,SEI,117.50,0.00
Moon Enterprises,ME Venture Fund,Staking,OSMO,0.00,140.25
Moon Enterprises,ME Capital Fund,Staking,ATOM,118.80,0.00
Moon Enterprises,ME Capital Fund,Delegation,OSMO,0.00,192.61
Electric Sheep,ES Venture Fund,Staking,SEI,173.93,0.00
Electric Sheep,ES Capital Fund,Staking,APT,0.00,172.09
Moon Enterprises,ME Capital Fund,Staking,CELO,179.94,0.00
Moon Enterprises,ME Capital Fund,Delegation,ATOM,0.00,131.87
Firetronics,FT Capital Fund,Delegation,ROSE,160.67,0.00
Moon Enterprises,ME Venture Fund,Staking,OSMO,0.00,172.61
Electric Sheep,ES Capital Fund,Staking,HASH,150.26,0.00
Electric Sheep,ES Capital Fund,Staking,ETH,0.00,137.01
Electric Sheep,ES Venture Fund,Delegation,AXL,153.95,0.00
Moon Enterprises,ME Capital Fund,Staking,SOL,0.00,154.16
Firetronics,FT Venture Fund,Delegation,SEI,159.73,0.00
Firetronics,FT Venture Fund,Staking,APT,0.00,104.13
Firetronics,FT Capital Fund,Delegation,ETH,170.25,0.00
Moon Enterprises,ME Venture Fund,Delegation,OSMO,0.00,163.10
Firetronics,FT Venture Fund,Staking,SEI,108.64,0.00
Moon Enterprises,ME Venture Fund,Delegation,ETH,0.00,125.30
Firetronics,FT Venture Fund,Delegation,ETH,168.84,0.00
Moon Enterprises,ME Venture Fund,Staking,SOL,0.00,132.89
Firetronics,FT Venture Fund,Delegation,HASH,160.36,0.00
Firetronics,FT Capital Fund,Delegation,APT,0.00,190.93
Moon Enterprises,ME Venture Fund,Staking,SOL,108.23,0.00
Electric Sheep,ES Capital Fund,Delegation,ROSE,0.00,170.44
Firetronics,FT Capital Fund,Delegation,APT,132.70,0.00
Moon Enterprises,ME Capital Fund,Staking,AXL,0.00,190.53
Electric Sheep,ES Venture Fund,Staking,APT,188.13,0.00
Electric Sheep,ES Venture Fund,Delegation,HASH,0.00,100.56
Firetronics,FT Capital Fund,Staking,SOL,174.86,0.00
Electric Sheep,ES Venture Fund,Staking,ETH,0.00,108.84
Firetronics,FT Capital Fund,Delegation,ETH,148.03,0.00
Moon Enterprises,ME Venture Fund,Delegation,SOL,0.00,138.32
Electric Sheep,ES Venture Fund,Staking,FLOW,178.28,0.00
Firetronics,FT Venture Fund,Delegation,AXL,0.00,124.42
Moon Enterprises,ME Venture Fund,Staking,SUI,110.57,0.00
Electric Sheep,ES Venture Fund,Delegation,OSMO,0.00,195.01
Electric Sheep,ES Capital Fund,Delegation,APT,132.86,0.00
Electric Sheep,ES Venture Fund,Staking,CELO,0.00,110.09
Firetronics,FT Venture Fund,Delegation,ROSE,162.07,0.00
Moon Enterprises,ME Capital Fund,Staking,OSMO,0.00,121.80
Electric Sheep,ES Capital Fund,Staking,EVMOS,118.06,0.00
Electric Sheep,ES Capital Fund,Staking,FLOW,0.00,172.41
Electric Sheep,ES Venture Fund,Staking,OSMO,164.92,0.00
Moon Enterprises,ME Venture Fund,Delegation,ROSE,0.00,150.04
Moon Enterprises,ME Capital Fund,Staking,ATOM,129.19,0.00
Firetronics,FT Venture Fund,Staking,EVMOS,0.00,180.00
Moon Enterprises,ME Capital Fund,Staking,EVMOS,141.51,0.00
Electric Sheep,ES Venture Fund,Staking,ROSE,0.00,195.93
Moon Enterprises,ME Capital Fund,Delegation,APT,111.49,0.00
Moon Enterprises,ME Capital Fund,Staking,SUI,0.00,113.73
Firetronics,FT Venture Fund,Staking,FLOW,154.59,0.00
Firetronics,FT Venture Fund,Staking,ROSE,0.00,128.63
Electric Sheep,ES Capital Fund,Delegation,SEI,104.33,0.00
Moon Enterprises,ME Capital Fund,Staking,HASH,0.00,100.94
Electric Sheep,ES Capital Fund,Delegation,OSMO,182.51,0.00
Firetronics,FT Venture Fund,Delegation,APT,0.00,140.69
Electric Sheep,ES Capital Fund,Delegation,CELO,129.30,0.00
Firetronics,FT Capital Fund,Staking,SEI,0.00,102.63
Electric Sheep,ES Venture Fund,Delegation,AXL,188.66,0.00
Firetronics,FT Venture Fund,Staking,AXL,0.00,199.29
Moon Enterprises,ME Venture Fund,Staking,APT,122.03,0.00
Firetronics,FT Capital Fund,Delegation,FLOW,0.00,151.74
Moon Enterprises,ME Capital Fund,Staking,HASH,173.44,0.00
Firetronics,FT Capital Fund,Delegation,HASH,0.00,156.41
Moon Enterprises,ME Capital Fund,Staking,HASH,126.20,0.00
Moon Enterprises,ME Venture Fund,Delegation,EVMOS,0.00,155.52
Firetronics,FT Capital Fund,Delegation,FLOW,184.80,0.00
Firetronics,FT Capital Fund,Staking,CELO,0.00,190.36
Firetronics,FT Capital Fund,Delegation,ROSE,122.13,0.00
Moon Enterprises,ME Venture Fund,Staking,AXL,0.00,127.79
Electric Sheep,ES Capital Fund,Staking,ETH,113.22,0.00
Firetronics,FT Venture Fund,Delegation,ETH,0.00,121.43
Firetronics,FT Venture Fund,Staking,HASH,135.51,0.00
Moon Enterprises,ME Capital Fund,Delegation,ATOM,0.00,127.21
Firetronics,FT Venture Fund,Delegation,EVMOS,139.04,0.00
Electric Sheep,ES Capital Fund,Delegation,FLOW,0.00,115.61
Electric Sheep,ES Venture Fund,Staking,SOL,193.66,0.00
Moon Enterprises,ME Capital Fund,Delegation,SOL,0.00,173.53
Firetronics,FT Venture Fund,Staking,SEI,177.40,0.00
Firetronics,FT Venture Fund,Delegation,SEI,0.00,146.72
Moon Enterprises,ME Capital Fund,Delegation,AXL,174.48,0.00
Moon Enterprises,ME Venture Fund,Staking,ROSE,0.00,178.58
Firetronics,FT Capital Fund,Delegation,SOL,106.10,0.00
Firetronics,FT Capital Fund,Staking,SOL,0.00,162.84
Electric Sheep,ES Venture Fund,Delegation,SUI,126.20,0.00
Firetronics,FT Venture Fund,Delegation,FLOW,0.00,137.80
Moon Enterprises,ME Capital Fund,Staking,FLOW,160.06,0.00
Firetronics,FT Venture Fund,Delegation,ATOM,0.00,149.80
Electric Sheep,ES Venture Fund,Delegation,OSMO,193.14,0.00
Electric Sheep,ES Venture Fund,Delegation,APT,0.00,182.24
Moon Enterprises,ME Venture Fund,Delegation,CELO,172.83,0.00
Firetronics,FT Capital Fund,Staking,CELO,0.00,186.29
Firetronics,FT Venture Fund,Staking,SOL,189.22,0.00
Firetronics,FT Capital Fund,Delegation,AXL,0.00,176.80
Electric Sheep,ES Capital Fund,Delegation,OSMO,124.86,0.00
Firetronics,FT Venture Fund,Staking,SEI,0.00,184.04
Firetronics,FT Venture Fund,Staking,HASH,196.98,0.00
Firetronics,FT Venture Fund,Delegation,OSMO,0.00,151.73
Electric Sheep,ES Venture Fund,Delegation,AXL,165.74,0.00
Moon Enterprises,ME Venture Fund,Staking,CELO,0.00,166.50
Moon Enterprises,ME Capital Fund,Staking,HASH,164.60,0.00
Moon Enterprises,ME Capital Fund,Staking,SOL,0.00,179.51
Electric Sheep,ES Venture Fund,Staking,AXL,157.36,0.00
Moon Enterprises,ME Capital Fund,Staking,SEI,0.00,134.87
Electric Sheep,ES Capital Fund,Delegation,APT,180.41,0.00
Electric Sheep,ES Venture Fund,Delegation,OSMO,0.00,163.73
Firetronics,FT Capital Fund,Staking,EVMOS,164.21,0.00
Firetronics,FT Capital Fund,Staking,HASH,0.00,137.50
Firetronics,FT Venture Fund,Delegation,HASH,106.39,0.00
Moon Enterprises,ME Capital Fund,Delegation,ROSE,0.00,159.83
Firetronics,FT Capital Fund,Staking,EVMOS,194.56,0.00
Firetronics,FT Venture Fund,Delegation,SUI,0.00,192.98
Firetronics,FT Capital Fund,Staking,SEI,142.03,0.00
Electric Sheep,ES Venture Fund,Delegation,ROSE,0.00,131.60
Electric Sheep,ES Venture Fund,Delegation,ROSE,160.91,0.00
Electric Sheep,ES Capital Fund,Delegation,APT,0.00,110.81
Electric Sheep,ES Venture Fund,Staking,ATOM,115.55,0.00
Electric Sheep,ES Venture Fund,Delegation,HASH,0.00,153.21
Electric Sheep,ES Capital Fund,Staking,HASH,197.43,0.00
Moon Enterprises,ME Capital Fund,Staking,CELO,0.00,186.34
Moon Enterprises,ME Capital Fund,Delegation,SEI,139.62,0.00
Electric Sheep,ES Capital Fund,Staking,FLOW,0.00,128.17
Moon Enterprises,ME Venture Fund,Delegation,CELO,175.70,0.00
Firetronics,FT Venture Fund,Delegation,FLOW,0.00,183.21
Firetronics,FT Venture Fund,Delegation,SOL,116.85,0.00
Firetronics,FT Venture Fund,Staking,CELO,0.00,120.29
Firetronics,FT Capital Fund,Staking,OSMO,150.94,0.00
Electric Sheep,ES Venture Fund,Staking,ATOM,0.00,149.20
Electric Sheep,ES Capital Fund,Delegation,FLOW,198.98,0.00
Moon Enterprises,ME Venture Fund,Delegation,AXL,0.00,165.59
Electric Sheep,ES Capital Fund,Staking,AXL,185.75,0.00
Moon Enterprises,ME Venture Fund,Delegation,CELO,0.00,166.88
Moon Enterprises,ME Capital Fund,Delegation,ATOM,166.92,0.00
Electric Sheep,ES Capital Fund,Delegation,EVMOS,0.00,196.31
Moon Enterprises,ME Venture Fund,Staking,SOL,174.18,0.00
Electric Sheep,ES Venture Fund,Delegation,FLOW,0.00,150.64
Firetronics,FT Capital Fund,Delegation,ETH,185.11,0.00
Electric Sheep,ES Venture Fund,Delegation,EVMOS,0.00,191.06
Electric Sheep,ES Venture Fund,Staking,SUI,196.31,0.00
Moon Enterprises,ME Venture Fund,Delegation,ETH,0.00,184.51
Moon Enterprises,ME Capital Fund,Staking,ETH,185.45,0.00
Moon Enterprises,ME Venture Fund,Delegation,CELO,0.00,120.38
Moon Enterprises,ME Venture Fund,Delegation,SUI,179.35,0.00
Electric Sheep,ES Venture Fund,Staking,ROSE,0.00,127.23
Electric Sheep,ES Capital Fund,Delegation,ATOM,182.85,0.00
Electric Sheep,ES Capital Fund,Staking,SEI,0.00,166.46
Moon Enterprises,ME Capital Fund,Staking,APT,173.53,0.00
Moon Enterprises,ME Capital Fund,Delegation,SEI,0.00,104.25
Moon Enterprises,ME Capital Fund,Staking,HASH,172.31,0.00
Electric Sheep,ES Venture Fund,Staking,SUI,0.00,143.15
Electric Sheep,ES Venture Fund,Delegation,EVMOS,162.02,0.00
Electric Sheep,ES Venture Fund,Delegation,OSMO,0.00,143.11
Electric Sheep,ES Capital Fund,Delegation,FLOW,152.22,0.00
Moon Enterprises,ME Capital Fund,Delegation,OSMO,0.00,183.83
Firetronics,FT Venture Fund,Delegation,CELO,171.98,0.00
Moon Enterprises,ME Venture Fund,Delegation,SEI,0.00,109.58
Electric Sheep,ES Capital Fund,Delegation,ROSE,122.46,0.00
Firetronics,FT Capital Fund,Delegation,ROSE,0.00,102.91
Moon Enterprises,ME Venture Fund,Delegation,SUI,103.08,0.00
Moon Enterprises,ME Venture Fund,Staking,OSMO,0.00,116.35
Electric Sheep,ES Capital Fund,Staking,ETH,105.46,0.00
Moon Enterprises,ME Venture Fund,Delegation,AXL,0.00,174.86
Electric Sheep,ES Capital Fund,Staking,SUI,109.04,0.00
Firetronics,FT Capital Fund,Delegation,APT,0.00,141.00
Firetronics,FT Venture Fund,Staking,AXL,130.65,0.00
Electric Sheep,ES Venture Fund,Staking,FLOW,0.00,175.96
Moon Enterprises,ME Venture Fund,Staking,APT,173.44,0.00
Firetronics,FT Capital Fund,Staking,SUI,0.00,112.10
Moon Enterprises,ME Venture Fund,Delegation,SOL,180.19,0.00
Moon Enterprises,ME Capital Fund,Staking,ATOM,0.00,126.35
Moon Enterprises,ME Venture Fund,Staking,ROSE,169.62,0.00
Electric Sheep,ES Capital Fund,Staking,ATOM,0.00,130.55
Electric Sheep,ES Capital Fund,Delegation,SOL,101.71,0.00
Electric Sheep,ES Venture Fund,Staking,ETH,0.00,166.28
Electric Sheep,ES Venture Fund,Delegation,SEI,128.48,0.00
Moon Enterprises,ME Capital Fund,Delegation,SUI,0.00,107.94
Moon Enterprises,ME Venture Fund,Delegation,SOL,186.10,0.00
Moon Enterprises,ME Venture Fund,Staking,ROSE,0.00,100.92
Moon Enterprises,ME Capital Fund,Staking,ATOM,126.33,0.00
Electric Sheep,ES Venture Fund,Staking,ATOM,0.00,166.07
Electric Sheep,ES Capital Fund,Staking,SEI,178.49,0.00
Electric Sheep,ES Venture Fund,Delegation,EVMOS,0.00,138.27
Firetronics,FT Capital Fund,Delegation,EVMOS,179.52,0.00
Firetronics,FT Capital Fund,Staking,SEI,0.00,168.80
Electric Sheep,ES Venture Fund,Delegation,SOL,109.13,0.00
Moon Enterprises,ME Venture Fund,Delegation,EVMOS,0.00,169.19
Moon Enterprises,ME Capital Fund,Delegation,EVMOS,135.28,0.00
Moon Enterprises,ME Capital Fund,Delegation,CELO,0.00,152.65
Electric Sheep,ES Capital Fund,Staking,OSMO,134.00,0.00
Electric Sheep,ES Venture Fund,Staking,OSMO,0.00,131.58
Firetronics,FT Venture Fund,Delegation,OSMO,185.15,0.00
Firetronics,FT Venture Fund,Staking,CELO,0.00,138.53
Firetronics,FT Venture Fund,Delegation,ROSE,177.83,0.00
Moon Enterprises,ME Venture Fund,Staking,SOL,0.00,108.71
Electric Sheep,ES Venture Fund,Staking,ATOM,139.09,0.00
Moon Enterprises,ME Capital Fund,Staking,CELO,0.00,191.31
Moon Enterprises,ME Capital Fund,Staking,AXL,132.09,0.00
Moon Enterprises,ME Capital Fund,Delegation,SEI,0.00,129.25
Firetronics,FT Venture Fund,Staking,ATOM,151.61,0.00
Electric Sheep,ES Capital Fund,Staking,OSMO,0.00,145.02
Electric Sheep,ES Venture Fund,Staking,CELO,175.80,0.00
Moon Enterprises,ME Venture Fund,Delegation,APT,0.00,165.34
Moon Enterprises,ME Capital Fund,Delegation,HASH,134.82,0.00
Electric Sheep,ES Venture Fund,Delegation,ETH,0.00,199.83
Electric Sheep,ES Capital Fund,Delegation,EVMOS,142.09,0.00
Moon Enterprises,ME Venture Fund,Staking,CELO,0.00,163.21
Electric Sheep,ES Capital Fund,Delegation,AXL,192.73,0.00
Electric Sheep,ES Venture Fund,Staking,ROSE,0.00,128.92
Electric Sheep,ES Venture Fund,Staking,FLOW,142.26,0.00
Firetronics,FT Capital Fund,Staking,ETH,0.00,150.22
Electric Sheep,ES Venture Fund,Delegation,SEI,186.90,0.00
Firetronics,FT Capital Fund,Delegation,ROSE,0.00,180.18
Moon Enterprises,ME Venture Fund,Delegation,AXL,146.71,0.00
Firetronics,FT Venture Fund,Staking,ETH,0.00,188.93
Firetronics,FT Venture Fund,Delegation,EVMOS,124.54,0.00
Firetronics,FT Capital Fund,Delegation,APT,0.00,148.32
Electric Sheep,ES Venture Fund,Delegation,SOL,184.28,0.00
Moon Enterprises,ME Venture Fund,Delegation,CELO,0.00,183.08
Firetronics,FT Venture Fund,Delegation,ATOM,181.13,0.00
Firetronics,FT Venture Fund,Staking,FLOW,0.00,192.65
Electric Sheep,ES Venture Fund,Delegation,OSMO,102.32,0.00
Firetronics,FT Venture Fund,Delegation,EVMOS,0.00,119.57
Moon Enterprises,ME Venture Fund,Delegation,CELO,164.20,0.00
Electric Sheep,ES Venture Fund,Staking,SOL,0.00,103.42
Firetronics,FT Venture Fund,Delegation,FLOW,197.02,0.00
Moon Enterprises,ME Capital Fund,Staking,SOL,0.00,137.36
Moon Enterprises,ME Venture Fund,Delegation,SUI,172.31,0.00
Electric Sheep,ES Venture Fund,Staking,AXL,0.00,169.15
Firetronics,FT Capital Fund,Staking,SOL,150.11,0.00
Firetronics,FT Capital Fund,Staking,APT,0.00,164.01
Firetronics,FT Capital Fund,Staking,ROSE,132.54,0.00
Moon Enterprises,ME Capital Fund,Staking,AXL,0.00,164.29
Electric Sheep,ES Venture Fund,Staking,SEI,157.23,0.00
Electric Sheep,ES Capital Fund,Staking,SUI,0.00,123.49
Electric Sheep,ES Venture Fund,Staking,EVMOS,142.04,0.00
Firetronics,FT Capital Fund,Delegation,ETH,0.00,105.65
Electric Sheep,ES Venture Fund,Delegation,SEI,155.29,0.00
Moon Enterprises,ME Venture Fund,Staking,CELO,0.00,198.32
Moon Enterprises,ME Capital Fund,Staking,CELO,107.49,0.00
Electric Sheep,ES Venture Fund,Delegation,SEI,0.00,142.28
Moon Enterprises,ME Venture Fund,Staking,CELO,187.89,0.00
Electric Sheep,ES Venture Fund,Staking,HASH,0.00,108.95
Electric Sheep,ES Capital Fund,Delegation,HASH,106.11,0.00
Electric Sheep,ES Capital Fund,Delegation,SUI,0.00,105.18
Electric Sheep,ES Capital Fund,Staking,CELO,199.94,0.00
Firetronics,FT Venture Fund,Staking,ATOM,0.00,137.16
Moon Enterprises,ME Capital Fund,Staking,APT,198.26,0.00
Moon Enterprises,ME Venture Fund,Delegation,ATOM,0.00,162.63
Electric Sheep,ES Capital Fund,Staking,CELO,129.32,0.00
Moon Enterprises,ME Capital Fund,Delegation,ETH,0.00,182.54
Electric Sheep,ES Capital Fund,Staking,CELO,167.76,0.00
Moon Enterprises,ME Capital Fund,Staking,FLOW,0.00,153.54
Firetronics,FT Capital Fund,Staking,SUI,118.66,0.00
Moon Enterprises,ME Venture Fund,Staking,AXL,0.00,133.08
Electric Sheep,ES Capital Fund,Delegation,SOL,137.31,0.00
Electric Sheep,ES Venture Fund,Staking,CELO,0.00,189.31
Firetronics,FT Venture Fund,Delegation,EVMOS,155.86,0.00
Moon Enterprises,ME Venture Fund,Delegation,ETH,0.00,130.20
Electric Sheep,ES Capital Fund,Staking,SOL,198.06,0.00
Electric Sheep,ES Capital Fund,Staking,ROSE,0.00,181.20
Electric Sheep,ES Capital Fund,Delegation,CELO,171.33,0.00
Firetronics,FT Venture Fund,Staking,ROSE,0.00,105.09
Electric Sheep,ES Capital Fund,Delegation,ATOM,141.11,0.00
Moon Enterprises,ME Capital Fund,Delegation,SUI,0.00,127.24
Firetronics,FT Capital Fund,Staking,APT,122.50,0.00
Firetronics,FT Capital Fund,Delegation,FLOW,0.00,105.05
Electric Sheep,ES Capital Fund,Delegation,ATOM,160.47,0.00
Moon Enterprises,ME Capital Fund,Staking,AXL,0.00,133.41
Electric Sheep,ES Capital Fund,Delegation,APT,156.69,0.00
Moon Enterprises,ME Venture Fund,Staking,SEI,0.00,152.60
Firetronics,FT Capital Fund,Delegation,SEI,190.61,0.00
Firetronics,FT Capital Fund,Delegation,AXL,0.00,109.69
Firetronics,FT Capital Fund,Delegation,AXL,187.52,0.00
Moon Enterprises,ME Venture Fund,Staking,SUI,0.00,158.61
Electric Sheep,ES Venture Fund,Delegation,AXL,192.96,0.00
Firetronics,FT Venture Fund,Staking,AXL,0.00,139.31
Firetronics,FT Capital Fund,Staking,ATOM,155.96,0.00
Electric Sheep,ES Capital Fund,Delegation,EVMOS,0.00,128.40
Electric Sheep,ES Capital Fund,Delegation,AXL,143.95,0.00
Moon Enterprises,ME Venture Fund,Delegation,FLOW,0.00,174.55
Firetronics,FT Venture Fund,Delegation,ETH,164.11,0.00
Firetronics,FT Venture Fund,Staking,ROSE,0.00,199.97
Electric Sheep,ES Venture Fund,Delegation,SEI,192.18,0.00
Moon Enterprises,ME Venture Fund,Staking,OSMO,0.00,137.13
Firetronics,FT Venture Fund,Delegation,FLOW,156.67,0.00
Firetronics,FT Capital Fund,Staking,FLOW,0.00,143.30
Moon Enterprises,ME Venture Fund,Staking,APT,165.76,0.00
Moon Enterprises,ME Venture Fund,Delegation,OSMO,0.00,137.48
Electric Sheep,ES Capital Fund,Staking,SUI,111.31,0.00
Electric Sheep,ES Venture Fund,Delegation,SUI,0.00,143.90
Electric Sheep,ES Venture Fund,Staking,AXL,136.35,0.00
Moon Enterprises,ME Venture Fund,Delegation,AXL,0.00,118.01
Moon Enterprises,ME Capital Fund,Staking,AXL,113.57,0.00
Firetronics,FT Capital Fund,Delegation,AXL,0.00,108.44
Electric Sheep,ES Venture Fund,Staking,FLOW,171.31,0.00
Electric Sheep,ES Capital Fund,Delegation,HASH,0.00,193.27
Electric Sheep,ES Capital Fund,Staking,HASH,147.66,0.00
Firetronics,FT Venture Fund,Staking,SUI,0.00,170.96
Firetronics,FT Capital Fund,Delegation,ROSE,154.55,0.00
Firetronics,FT Capital Fund,Staking,APT,0.00,153.49
Electric Sheep,ES Venture Fund,Delegation,ETH,107.78,0.00
Moon Enterprises,ME Venture Fund,Delegation,HASH,0.00,104.49
Moon Enterprises,ME Capital Fund,Delegation,FLOW,155.86,0.00
Firetronics,FT Capital Fund,Staking,HASH,0.00,164.77
Moon Enterprises,ME Capital Fund,Staking,SOL,129.96,0.00
Firetronics,FT Venture Fund,Delegation,ETH,0.00,113.24
Electric Sheep,ES Venture Fund,Staking,OSMO,197.64,0.00
Moon Enterprises,ME Venture Fund,Delegation,APT,0.00,135.80
Moon Enterprises,ME Venture Fund,Staking,ROSE,110.15,0.00
Electric Sheep,ES Venture Fund,Staking,AXL,0.00,156.89
Firetronics,FT Venture Fund,Staking,SUI,185.04,0.00
Moon Enterprises,ME Capital Fund,Staking,ETH,0.00,147.48
Moon Enterprises,ME Capital Fund,Staking,CELO,150.33,0.00
Firetronics,FT Venture Fund,Delegation,EVMOS,0.00,130.82
Electric Sheep,ES Venture Fund,Delegation,FLOW,164.00,0.00
Firetronics,FT Venture Fund,Staking,ATOM,0.00,141.71
Firetronics,FT Venture Fund,Staking,CELO,138.01,0.00
Firetronics,FT Venture Fund,Delegation,SUI,0.00,170.36
Moon Enterprises,ME Venture Fund,Staking,APT,183.34,0.00
Moon Enterprises,ME Venture Fund,Staking,SOL,0.00,120.44
Moon Enterprises,ME Venture Fund,Staking,APT,190.16,0.00
Electric Sheep,ES Capital Fund,Delegation,OSMO,0.00,173.96
Electric Sheep,ES Venture Fund,Delegation,EVMOS,167.39,0.00
Moon Enterprises,ME Capital Fund,Staking,HASH,0.00,102.20
Firetronics,FT Venture Fund,Staking,FLOW,195.02,0.00
Firetronics,FT Venture Fund,Staking,ATOM,0.00,152.93
Moon Enterprises,ME Venture Fund,Staking,OSMO,111.97,0.00
Moon Enterprises,ME Venture Fund,Staking,SOL,0.00,155.90
Moon Enterprises,ME Venture Fund,Delegation,ATOM,188.37,0.00
Moon Enterprises,ME Capital Fund,Staking,EVMOS,0.00,183.23
Electric Sheep,ES Capital Fund,Staking,ATOM,188.95,0.00
Moon Enterprises,ME Venture Fund,Staking,HASH,0.00,110.32
Electric Sheep,ES Venture Fund,Staking,APT,121.27,0.00
Firetronics,FT Venture Fund,Delegation,SOL,0.00,190.85
Electric Sheep,ES Venture Fund,Staking,EVMOS,126.86,0.00
Moon Enterprises,ME Venture Fund,Staking,FLOW,0.00,149.38
Electric Sheep,ES Capital Fund,Delegation,FLOW,100.09,0.00
Electric Sheep,ES Venture Fund,Delegation,HASH,0.00,181.65
Electric Sheep,ES Capital Fund,Staking,CELO,180.61,0.00
Moon Enterprises,ME Venture Fund,Staking,ETH,0.00,107.05
Firetronics,FT Capital Fund,Staking,SUI,198.02,0.00
Firetronics,FT Venture Fund,Staking,CELO,0.00,137.40
Moon Enterprises,ME Venture Fund,Delegation,HASH,163.94,0.00
Moon Enterprises,ME Capital Fund,Staking,APT,0.00,122.30
Firetronics,FT Capital Fund,Delegation,EVMOS,153.56,0.00
Moon Enterprises,ME Venture Fund,Delegation,ATOM,0.00,102.63
Firetronics,FT Capital Fund,Delegation,AXL,172.71,0.00
Moon Enterprises,ME Capital Fund,Delegation,HASH,0.00,138.92
Moon Enterprises,ME Capital Fund,Staking,ROSE,147.79,0.00
Firetronics,FT Venture Fund,Delegation,FLOW,0.00,104.52
Firetronics,FT Venture Fund,Staking,HASH,151.18,0.00
Firetronics,FT Capital Fund,Delegation,SOL,0.00,168.20
Moon Enterprises,ME Venture Fund,Staking,FLOW,115.85,0.00
Firetronics,FT Venture Fund,Staking,SOL,0.00,131.37
Moon Enterprises,ME Venture Fund,Delegation,ROSE,156.12,0.00
Moon Enterprises,ME Venture Fund,Staking,ROSE,0.00,183.75
Electric Sheep,ES Capital Fund,Staking,AXL,143.72,0.00
Firetronics,FT Venture Fund,Delegation,SUI,0.00,119.38
Firetronics,FT Capital Fund,Staking,ETH,118.95,0.00
Moon Enterprises,ME Capital Fund,Staking,EVMOS,0.00,132.96
Firetronics,FT Venture Fund,Staking,HASH,131.92,0.00
Moon Enterprises,ME Capital Fund,Delegation,EVMOS,0.00,169.85
Moon Enterprises,ME Capital Fund,Staking,ATOM,180.68,0.00
Electric Sheep,ES Capital Fund,Staking,AXL,0.00,157.86
Moon Enterprises,ME Capital Fund,Staking,FLOW,172.58,0.00
Firetronics,FT Venture Fund,Delegation,HASH,0.00,103.37
Firetronics,FT Venture Fund,Delegation,APT,114.49,0.00
Moon Enterprises,ME Capital Fund,Staking,ATOM,0.00,136.83
Firetronics,FT Capital Fund,Delegation,AXL,143.98,0.00
Moon Enterprises,ME Capital Fund,Staking,CELO,0.00,188.58
Firetronics,FT Venture Fund,Delegation,ROSE,106.29,0.00
Moon Enterprises,ME Venture Fund,Staking,CELO,0.00,167.74
Firetronics,FT Capital Fund,Delegation,AXL,142.30,0.00
Electric Sheep,ES Capital Fund,Delegation,ATOM,0.00,120.94
Electric Sheep,ES Capital Fund,Delegation,CELO,155.01,0.00
Moon Enterprises,ME Capital Fund,Staking,HASH,0.00,129.49
Firetronics,FT Venture Fund,Staking,ROSE,182.85,0.00
Moon Enterprises,ME Capital Fund,Staking,EVMOS,0.00,142.12
Electric Sheep,ES Venture Fund,Delegation,APT,141.27,0.00
Electric Sheep,ES Venture Fund,Staking,EVMOS,0.00,153.13
Firetronics,FT Venture Fund,Staking,AXL,142.32,0.00
Electric Sheep,ES Capital Fund,Staking,ATOM,0.00,168.33
Moon Enterprises,ME Venture Fund,Staking,ROSE,157.91,0.00
Firetronics,FT Venture Fund,Staking,ROSE,0.00,161.57
Moon Enterprises,ME Capital Fund,Delegation,ETH,142.99,0.00
Electric Sheep,ES Venture Fund,Staking,ETH,0.00,119.80
Firetronics,FT Venture Fund,Delegation,SEI,132.85,0.00
Firetronics,FT Venture Fund,Staking,ETH,0.00,110.18
Electric Sheep,ES Venture Fund,Staking,ROSE,162.44,0.00
Firetronics,FT Venture Fund,Staking,OSMO,0.00,167.94
Moon Enterprises,ME Venture Fund,Delegation,ROSE,122.81,0.00
Moon Enterprises,ME Capital Fund,Staking,EVMOS,0.00,135.82
Moon Enterprises,ME Capital Fund,Staking,OSMO,138.94,0.00
Firetronics,FT Capital Fund,Delegation,ETH,0.00,130.39
Firetronics,FT Capital Fund,Staking,HASH,175.39,0.00
Moon Enterprises,ME Venture Fund,Staking,CELO,0.00,110.53
Firetronics,FT Venture Fund,Delegation,ETH,195.83,0.00
Firetronics,FT Capital Fund,Delegation,AXL,0.00,157.74
Electric Sheep,ES Capital Fund,Staking,APT,100.20,0.00
Moon Enterprises,ME Venture Fund,Staking,FLOW,0.00,145.26
Moon Enterprises,ME Venture Fund,Delegation,ETH,142.46,0.00
Moon Enterprises,ME Capital Fund,Delegation,APT,0.00,156.59
Electric Sheep,ES Capital Fund,Staking,HASH,136.16,0.00
Moon Enterprises,ME Venture Fund,Delegation,ROSE,0.00,199.17
Electric Sheep,ES Venture Fund,Staking,ROSE,127.72,0.00
Electric Sheep,ES Venture Fund,Delegation,ATOM,0.00,181.19
Moon Enterprises,ME Venture Fund,Staking,SEI,138.91,0.00
Firetronics,FT Venture Fund,Delegation,APT,0.00,120.58
Firetronics,FT Venture Fund,Delegation,OSMO,111.76,0.00
Moon Enterprises,ME Venture Fund,Delegation,FLOW,0.00,193.20
Firetronics,FT Venture Fund,Staking,HASH,163.80,0.00
Electric Sheep,ES Capital Fund,Delegation,SOL,0.00,137.03
Firetronics,FT Capital Fund,Staking,EVMOS,174.18,0.00
Electric Sheep,ES Capital Fund,Delegation,EVMOS,0.00,109.01
Electric Sheep,ES Capital Fund,Delegation,ETH,183.98,0.00
Electric Sheep,ES Venture Fund,Delegation,ROSE,0.00,157.42
Moon Enterprises,ME Capital Fund,Staking,ROSE,192.72,0.00
Electric Sheep,ES Venture Fund,Staking,OSMO,0.00,123.98
Firetronics,FT Venture Fund,Staking,SEI,104.24,0.00
Firetronics,FT Venture Fund,Staking,FLOW,0.00,183.19
Firetronics,FT Capital Fund,Delegation,CELO,145.22,0.00
Firetronics,FT Venture Fund,Delegation,OSMO,0.00,127.73
Electric Sheep,ES Venture Fund,Staking,ETH,104.18,0.00
Electric Sheep,ES Venture Fund,Staking,ETH,0.00,198.50
Moon Enterprises,ME Venture Fund,Delegation,AXL,170.87,0.00
Moon Enterprises,ME Capital Fund,Delegation,SEI,0.00,102.66
Moon Enterprises,ME Capital Fund,Delegation,CELO,199.27,0.00
Electric Sheep,ES Venture Fund,Delegation,HASH,0.00,185.63
Moon Enterprises,ME Venture Fund,Delegation,ROSE,148.45,0.00
Moon Enterprises,ME Capital Fund,Staking,FLOW,0.00,193.16
Firetronics,FT Venture Fund,Delegation,ROSE,134.65,0.00
Electric Sheep,ES Venture Fund,Delegation,SOL,0.00,118.27
Moon Enterprises,ME Capital Fund,Delegation,SEI,123.37,0.00
Moon Enterprises,ME Venture Fund,Delegation,HASH,0.00,178.98
Firetronics,FT Capital Fund,Delegation,SUI,151.88,0.00
Firetronics,FT Capital Fund,Staking,SUI,0.00,180.94
Firetronics,FT Venture Fund,Delegation,AXL,118.49,0.00
Electric Sheep,ES Capital Fund,Delegation,ROSE,0.00,111.15
Firetronics,FT Capital Fund,Staking,EVMOS,194.22,0.00
Electric Sheep,ES Venture Fund,Delegation,APT,0.00,197.71
Moon Enterprises,ME Venture Fund,Delegation,AXL,191.90,0.00
Firetronics,FT Capital Fund,Staking,HASH,0.00,112.84
Electric Sheep,ES Capital Fund,Delegation,SUI,178.36,0.00
Firetronics,FT Capital Fund,Staking,SOL,0.00,179.48
Electric Sheep,ES Venture Fund,Staking,OSMO,138.41,0.00
Electric Sheep,ES Capital Fund,Delegation,SUI,0.00,164.94
Firetronics,FT Venture Fund,Delegation,SUI,115.53,0.00
Electric Sheep,ES Capital Fund,Delegation,CELO,0.00,158.97
Firetronics,FT Capital Fund,Staking,EVMOS,187.55,0.00
Firetronics,FT Venture Fund,Staking,ATOM,0.00,110.01
Electric Sheep,ES Capital Fund,Delegation,EVMOS,157.83,0.00
Electric Sheep,ES Venture Fund,Staking,FLOW,0.00,184.61
Moon Enterprises,ME Venture Fund,Staking,AXL,123.59,0.00
Moon Enterprises,ME Venture Fund,Delegation,SUI,0.00,183.41
Electric Sheep,ES Capital Fund,Staking,EVMOS,139.88,0.00
Electric Sheep,ES Capital Fund,Staking,APT,0.00,129.43
Firetronics,FT Capital Fund,Delegation,APT,134.22,0.00
Firetronics,FT Capital Fund,Staking,SUI,0.00,110.63
Electric Sheep,ES Venture Fund,Staking,SUI,138.75,0.00
Firetronics,FT Capital Fund,Delegation,APT,0.00,185.82
Electric Sheep,ES Capital Fund,Staking,APT,112.04,0.00
Moon Enterprises,ME Capital Fund,Staking,OSMO,0.00,168.65
Electric Sheep,ES Capital Fund,Delegation,CELO,140.63,0.00
Moon Enterprises,ME Venture Fund,Delegation,EVMOS,0.00,195.67
Moon Enterprises,ME Venture Fund,Delegation,FLOW,192.37,0.00
Moon Enterprises,ME Venture Fund,Delegation,OSMO,0.00,132.60
Firetronics,FT Venture Fund,Staking,ROSE,128.74,0.00
Electric Sheep,ES Capital Fund,Staking,CELO,0.00,184.14
Moon Enterprises,ME Capital Fund,Staking,ATOM,150.48,0.00
Firetronics,FT Capital Fund,Staking,HASH,0.00,183.84
Moon Enterprises,ME Venture Fund,Staking,CELO,130.86,0.00
Moon Enterprises,ME Capital Fund,Staking,ETH,0.00,148.55
Firetronics,FT Venture Fund,Delegation,ATOM,109.11,0.00
Firetronics,FT Capital Fund,Staking,ATOM,0.00,133.24
Electric Sheep,ES Capital Fund,Delegation,APT,142.67,0.00
Moon Enterprises,ME Capital Fund,Delegation,APT,0.00,146.61
Firetronics,FT Venture Fund,Delegation,FLOW,146.07,0.00
Firetronics,FT Venture Fund,Staking,FLOW,0.00,108.93
Moon Enterprises,ME Capital Fund,Staking,ATOM,152.01,0.00
Moon Enterprises,ME Venture Fund,Delegation,HASH,0.00,139.98
Electric Sheep,ES Venture Fund,Staking,APT,113.22,0.00
Firetronics,FT Capital Fund,Staking,SOL,0.00,103.71
Moon Enterprises,ME Capital Fund,Staking,ETH,148.92,0.00
Moon Enterprises,ME Capital Fund,Delegation,EVMOS,0.00,172.70
Moon Enterprises,ME Capital Fund,Staking,HASH,107.05,0.00
Firetronics,FT Venture Fund,Delegation,ETH,0.00,123.60
Moon Enterprises,ME Capital Fund,Delegation,AXL,158.40,0.00
Firetronics,FT Venture Fund,Delegation,EVMOS,0.00,141.00
Firetronics,FT Venture Fund,Delegation,FLOW,139.73,0.00
Moon Enterprises,ME Venture Fund,Delegation,HASH,0.00,184.35
Firetronics,FT Venture Fund,Staking,SEI,156.29,0.00
Moon Enterprises,ME Venture Fund,Staking,HASH,0.00,107.34
Firetronics,FT Venture Fund,Staking,FLOW,125.49,0.00
Moon Enterprises,ME Venture Fund,Delegation,ROSE,0.00,130.30
Electric Sheep,ES Capital Fund,Delegation,SOL,124.41,0.00
Firetronics,FT Venture Fund,Delegation,SOL,0.00,139.53
Electric Sheep,ES Venture Fund,Staking,ETH,148.22,0.00
Moon Enterprises,ME Capital Fund,Staking,FLOW,0.00,166.44
Moon Enterprises,ME Capital Fund,Staking,ETH,149.53,0.00
Electric Sheep,ES Venture Fund,Staking,HASH,0.00,165.67
Firetronics,FT Capital Fund,Delegation,EVMOS,155.10,0.00
Moon Enterprises,ME Venture Fund,Staking,SEI,0.00,123.80
Firetronics,FT Capital Fund,Staking,SUI,188.96,0.00
Firetronics,FT Capital Fund,Staking,EVMOS,0.00,103.40
Electric Sheep,ES Venture Fund,Delegation,ROSE,178.25,0.00
Moon Enterprises,ME Venture Fund,Staking,APT,0.00,150.94
Moon Enterprises,ME Capital Fund,Staking,OSMO,180.18,0.00
Moon Enterprises,ME Venture Fund,Delegation,ROSE,0.00,124.92
Firetronics,FT Venture Fund,Staking,HASH,185.28,0.00
Electric Sheep,ES Capital Fund,Delegation,CELO,0.00,178.98
Electric Sheep,ES Capital Fund,Delegation,ROSE,148.69,0.00
Moon Enterprises,ME Capital Fund,Delegation,CELO,0.00,136.92
Moon Enterprises,ME Capital Fund,Delegation,SOL,136.88,0.00
Moon Enterprises,ME Capital Fund,Delegation,CELO,0.00,163.17
Electric Sheep,ES Capital Fund,Staking,SEI,199.22,0.00
Electric Sheep,ES Venture Fund,Delegation,ATOM,0.00,103.49
Firetronics,FT Capital Fund,Delegation,SEI,155.46,0.00
Electric Sheep,ES Capital Fund,Staking,SEI,0.00,125.32
Moon Enterprises,ME Venture Fund,Staking,ETH,160.75,0.00
Moon Enterprises,ME Capital Fund,Staking,APT,0.00,199.13
Firetronics,FT Capital Fund,Staking,SUI,161.00,0.00
Firetronics,FT Capital Fund,Staking,APT,0.00,197.23
Moon Enterprises,ME Venture Fund,Delegation,EVMOS,193.03,0.00
Firetronics,FT Venture Fund,Staking,EVMOS,0.00,135.84
Electric Sheep,ES Capital Fund,Delegation,HASH,193.64,0.00
Firetronics,FT Venture Fund,Staking,SUI,0.00,195.40
Moon Enterprises,ME Venture Fund,Delegation,HASH,176.97,0.00
Electric Sheep,ES Capital Fund,Staking,SUI,0.00,164.32
Moon Enterprises,ME Capital Fund,Staking,CELO,122.18,0.00
Moon Enterprises,ME Capital Fund,Staking,FLOW,0.00,104.35
Electric Sheep,ES Capital Fund,Delegation,HASH,126.75,0.00
Moon Enterprises,ME Venture Fund,Delegation,SUI,0.00,169.73
Electric Sheep,ES Capital Fund,Staking,ETH,182.99,0.00
Electric Sheep,ES Venture Fund,Staking,FLOW,0.00,113.15
Electric Sheep,ES Capital Fund,Delegation,EVMOS,168.00,0.00
Moon Enterprises,ME Capital Fund,Delegation,APT,0.00,176.88
Electric Sheep,ES Venture Fund,Delegation,ROSE,111.14,0.00
Firetronics,FT Venture Fund,Staking,SOL,0.00,135.68
Electric Sheep,ES Capital Fund,Staking,HASH,156.64,0.00
Firetronics,FT Venture Fund,Staking,SOL,0.00,170.27
Electric Sheep,ES Capital Fund,Delegation,APT,121.64,0.00
Electric Sheep,ES Venture Fund,Delegation,SEI,0.00,158.02
Moon Enterprises,ME Capital Fund,Delegation,CELO,124.17,0.00
Electric Sheep,ES Venture Fund,Staking,ATOM,0.00,133.28
Electric Sheep,ES Capital Fund,Delegation,ATOM,181.71,0.00
Electric Sheep,ES Venture Fund,Staking,AXL,0.00,116.23
Moon Enterprises,ME Venture Fund,Delegation,OSMO,134.00,0.00
Firetronics,FT Venture Fund,Staking,FLOW,0.00,134.70
Electric Sheep,ES Venture Fund,Delegation,AXL,198.52,0.00
Firetronics,FT Capital Fund,Delegation,HASH,0.00,146.89
Electric Sheep,ES Venture Fund,Staking,CELO,187.42,0.00
Firetronics,FT Venture Fund,Delegation,FLOW,0.00,189.16
Electric Sheep,ES Capital Fund,Staking,APT,154.31,0.00
Electric Sheep,ES Venture Fund,Staking,ETH,0.00,168.64
Electric Sheep,ES Venture Fund,Delegation,HASH,193.22,0.00
Electric Sheep,ES Venture Fund,Delegation,AXL,0.00,159.43
Moon Enterprises,ME Venture Fund,Staking,ATOM,170.97,0.00
Electric Sheep,ES Venture Fund,Delegation,AXL,0.00,160.65
Electric Sheep,ES Venture Fund,Staking,EVMOS,125.74,0.00
Moon Enterprises,ME Capital Fund,Delegation,ETH,0.00,139.31
Firetronics,FT Capital Fund,Delegation,HASH,178.71,0.00
Firetronics,FT Capital Fund,Staking,OSMO,0.00,192.65
Moon Enterprises,ME Venture Fund,Delegation,APT,110.47,0.00
Moon Enterprises,ME Capital Fund,Delegation,ETH,0.00,105.26
Electric Sheep,ES Venture Fund,Delegation,ETH,124.48,0.00
Electric Sheep,ES Capital Fund,Delegation,SEI,0.00,143.28
Firetronics,FT Venture Fund,Delegation,ATOM,117.77,0.00
Electric Sheep,ES Capital Fund,Staking,HASH,0.00,111.47
Electric Sheep,ES Capital Fund,Staking,SEI,139.66,0.00
Electric Sheep,ES Venture Fund,Delegation,SEI,0.00,193.84
Moon Enterprises,ME Venture Fund,Staking,ROSE,133.82,0.00
Moon Enterprises,ME Capital Fund,Delegation,SUI,0.00,152.91
Firetronics,FT Venture Fund,Staking,APT,127.35,0.00
Firetronics,FT Capital Fund,Staking,SUI,0.00,118.87
Moon Enterprises,ME Venture Fund,Staking,AXL,101.08,0.00
Firetronics,FT Capital Fund,Delegation,OSMO,0.00,183.97
Moon Enterprises,ME Venture Fund,Staking,ETH,159.55,0.00
Moon Enterprises,ME Venture Fund,Delegation,ATOM,0.00,138.41
Moon Enterprises,ME Venture Fund,Staking,OSMO,137.51,0.00
Electric Sheep,ES Venture Fund,Delegation,ETH,0.00,134.44
Firetronics,FT Capital Fund,Staking,OSMO,109.29,0.00
Firetronics,FT Capital Fund,Delegation,ETH,0.00,174.41
Moon Enterprises,ME Capital Fund,Delegation,CELO,191.45,0.00
Moon Enterprises,ME Venture Fund,Staking,ATOM,0.00,195.68
Electric Sheep,ES Capital Fund,Delegation,HASH,170.23,0.00
Electric Sheep,ES Capital Fund,Delegation,ROSE,0.00,112.71
Electric Sheep,ES Venture Fund,Delegation,FLOW,157.45,0.00
Firetronics,FT Capital Fund,Delegation,SEI,0.00,127.84
Moon Enterprises,ME Venture Fund,Delegation,HASH,138.80,0.00
Electric Sheep,ES Capital Fund,Delegation,EVMOS,0.00,152.71
Moon Enterprises,ME Venture Fund,Delegation,SOL,194.34,0.00
Moon Enterprises,ME Venture Fund,Delegation,APT,0.00,108.89
Moon Enterprises,ME Venture Fund,Delegation,AXL,169.11,0.00
Electric Sheep,ES Venture Fund,Delegation,FLOW,0.00,172.53
Electric Sheep,ES Venture Fund,Staking,SOL,142.94,0.00
Firetronics,FT Capital Fund,Delegation,SEI,0.00,165.34
Firetronics,FT Capital Fund,Staking,SUI,134.27,0.00
Firetronics,FT Capital Fund,Delegation,HASH,0.00,125.07
Firetronics,FT Venture Fund,Delegation,SUI,163.50,0.00
Moon Enterprises,ME Venture Fund,Staking,FLOW,0.00,189.02
Firetronics,FT Capital Fund,Delegation,FLOW,137.09,0.00
Moon Enterprises,ME Venture Fund,Staking,SEI,0.00,143.16
Electric Sheep,ES Venture Fund,Staking,FLOW,159.34,0.00
Moon Enterprises,ME Capital Fund,Delegation,ATOM,0.00,107.44
Firetronics,FT Venture Fund,Staking,SOL,124.92,0.00
Moon Enterprises,ME Venture Fund,Delegation,SUI,0.00,139.20
Firetronics,FT Venture Fund,Delegation,AXL,117.79,0.00
Firetronics,FT Capital Fund,Delegation,ROSE,0.00,190.49
Firetronics,FT Capital Fund,Staking,APT,179.54,0.00
Firetronics,FT Capital Fund,Staking,OSMO,0.00,117.90
Moon Enterprises,ME Venture Fund,Delegation,ATOM,122.84,0.00
Firetronics,FT Venture Fund,Delegation,EVMOS,0.00,159.25
Electric Sheep,ES Venture Fund,Staking,HASH,174.68,0.00
Firetronics,FT Capital Fund,Staking,EVMOS,0.00,189.00
Moon Enterprises,ME Capital Fund,Staking,SOL,175.58,0.00
Firetronics,FT Capital Fund,Delegation,EVMOS,0.00,166.56
Firetronics,FT Venture Fund,Delegation,ROSE,106.28,0.00
Firetronics,FT Capital Fund,Staking,FLOW,0.00,146.47
Electric Sheep,ES Venture Fund,Delegation,FLOW,146.24,0.00
Firetronics,FT Venture Fund,Delegation,ROSE,0.00,162.80
Firetronics,FT Capital Fund,Delegation,EVMOS,151.61,0.00
Firetronics,FT Capital Fund,Delegation,SUI,0.00,179.75
Moon Enterprises,ME Capital Fund,Delegation,OSMO,192.24,0.00
Firetronics,FT Capital Fund,Delegation,EVMOS,0.00,106.20
Moon Enterprises,ME Venture Fund,Delegation,ETH,193.66,0.00
Firetronics,FT Capital Fund,Delegation,ATOM,0.00,141.68
Firetronics,FT Venture Fund,Delegation,ETH,188.62,0.00
Moon Enterprises,ME Venture Fund,Staking,APT,0.00,142.96
Electric Sheep,ES Capital Fund,Delegation,AXL,112.82,0.00
Electric Sheep,ES Capital Fund,Staking,ETH,0.00,127.00
Moon Enterprises,ME Venture Fund,Staking,APT,169.49,0.00
Moon Enterprises,ME Venture Fund,Delegation,EVMOS,0.00,126.06
Moon Enterprises,ME Venture Fund,Staking,FLOW,174.04,0.00
Firetronics,FT Venture Fund,Staking,SOL,0.00,173.39
Moon Enterprises,ME Venture Fund,Staking,SOL,103.24,0.00
Firetronics,FT Capital Fund,Staking,ROSE,0.00,198.97
Moon Enterprises,ME Venture Fund,Delegation,ATOM,143.52,0.00
Electric Sheep,ES Venture Fund,Delegation,ATOM,0.00,147.39
Electric Sheep,ES Venture Fund,Delegation,CELO,116.05,0.00
Firetronics,FT Capital Fund,Delegation,OSMO,0.00,183.73
Electric Sheep,ES Capital Fund,Staking,ETH,166.57,0.00
Firetronics,FT Capital Fund,Staking,APT,0.00,198.09
Moon Enterprises,ME Venture Fund,Staking,ATOM,145.55,0.00
Firetronics,FT Venture Fund,Delegation,ATOM,0.00,169.80
Firetronics,FT Venture Fund,Staking,FLOW,162.38,0.00
Electric Sheep,ES Capital Fund,Delegation,AXL,0.00,181.35
Electric Sheep,ES Venture Fund,Staking,AXL,140.49,0.00
Electric Sheep,ES Venture Fund,Staking,EVMOS,0.00,149.49
Firetronics,FT Capital Fund,Delegation,CELO,109.15,0.00
Moon Enterprises,ME Venture Fund,Staking,AXL,0.00,159.16
Firetronics,FT Venture Fund,Staking,ATOM,132.74,0.00
Electric Sheep,ES Venture Fund,Delegation,SEI,0.00,136.07
Firetronics,FT Capital Fund,Delegation,SEI,124.56,0.00
Electric Sheep,ES Capital Fund,Staking,ATOM,0.00,106.03
Moon Enterprises,ME Venture Fund,Staking,ROSE,145.01,0.00
Firetronics,FT Venture Fund,Staking,ROSE,0.00,145.45
Firetronics,FT Capital Fund,Delegation,SUI,191.61,0.00
Firetronics,FT Capital Fund,Staking,SEI,0.00,149.94
Moon Enterprises,ME Venture Fund,Staking,SUI,104.82,0.00
Electric Sheep,ES Capital Fund,Delegation,AXL,0.00,121.65
Electric Sheep,ES Venture Fund,Staking,HASH,195.66,0.00
Electric Sheep,ES Capital Fund,Staking,ROSE,0.00,178.53
Electric Sheep,ES Venture Fund,Delegation,HASH,175.43,0.00
Electric Sheep,ES Venture Fund,Delegation,OSMO,0.00,119.72
Firetronics,FT Capital Fund,Delegation,SOL,185.46,0.00
Electric Sheep,ES Capital Fund,Delegation,OSMO,0.00,195.27
Electric Sheep,ES Capital Fund,Delegation,CELO,191.13,0.00
Electric Sheep,ES Venture Fund,Staking,APT,0.00,125.55
Moon Enterprises,ME Capital Fund,Staking,EVMOS,199.67,0.00
Moon Enterprises,ME Venture Fund,Delegation,AXL,0.00,168.97
Electric Sheep,ES Capital Fund,Delegation,SOL,119.49,0.00
Electric Sheep,ES Capital Fund,Staking,HASH,0.00,121.85
Moon Enterprises,ME Venture Fund,Staking,ROSE,191.12,0.00
Electric Sheep,ES Capital Fund,Delegation,EVMOS,0.00,189.65
Electric Sheep,ES Venture Fund,Delegation,EVMOS,157.65,0.00
Firetronics,FT Capital Fund,Delegation,HASH,0.00,175.61
Moon Enterprises,ME Venture Fund,Delegation,SUI,127.34,0.00
Electric Sheep,ES Venture Fund,Staking,SUI,0.00,195.28
Electric Sheep,ES Venture Fund,Staking,EVMOS,187.55,0.00
Firetronics,FT Capital Fund,Delegation,OSMO,0.00,111.88
Firetronics,FT Capital Fund,Staking,OSMO,197.14,0.00
Firetronics,FT Capital Fund,Delegation,ATOM,0.00,189.33
Moon Enterprises,ME Venture Fund,Staking,AXL,165.00,0.00
Electric Sheep,ES Venture Fund,Delegation,HASH,0.00,130.47
Firetronics,FT Capital Fund,Staking,EVMOS,130.60,0.00
Firetronics,FT Capital Fund,Staking,CELO,0.00,192.21
Electric Sheep,ES Capital Fund,Staking,ROSE,164.85,0.00
Moon Enterprises,ME Venture Fund,Staking,OSMO,0.00,196.19
Electric Sheep,ES Capital Fund,Staking,OSMO,119.96,0.00
Firetronics,FT Venture Fund,Staking,AXL,0.00,106.46
Moon Enterprises,ME Capital Fund,Delegation,EVMOS,179.87,0.00
Electric Sheep,ES Capital Fund,Delegation,FLOW,0.00,112.67
Moon Enterprises,ME Venture Fund,Delegation,SEI,108.17,0.00
Electric Sheep,ES Capital Fund,Delegation,EVMOS,0.00,144.86
Firetronics,FT Capital Fund,Staking,ETH,161.54,0.00
Firetronics,FT Venture Fund,Staking,SOL,0.00,181.49
Electric Sheep,ES Venture Fund,Staking,FLOW,117.96,0.00
Moon Enterprises,ME Venture Fund,Delegation,SEI,0.00,116.68
Electric Sheep,ES Capital Fund,Staking,CELO,190.56,0.00
Moon Enterprises,ME Venture Fund,Staking,ATOM,0.00,173.07
Electric Sheep,ES Venture Fund,Staking,HASH,191.70,0.00
Moon Enterprises,ME Venture Fund,Staking,SOL,0.00,127.73
Firetronics,FT Venture Fund,Staking,ATOM,106.14,0.00
Firetronics,FT Capital Fund,Staking,APT,0.00,112.24
Moon Enterprises,ME Capital Fund,Staking,FLOW,101.63,0.00
Firetronics,FT Capital Fund,Staking,APT,0.00,154.00
Firetronics,FT Venture Fund,Delegation,AXL,198.65,0.00
Firetronics,FT Venture Fund,Delegation,CELO,0.00,146.38
Firetronics,FT Venture Fund,Staking,FLOW,156.82,0.00
Moon Enterprises,ME Venture Fund,Delegation,CELO,0.00,144.69
Electric Sheep,ES Capital Fund,Delegation,CELO,191.26,0.00
Electric Sheep,ES Capital Fund,Delegation,APT,0.00,194.24
Moon Enterprises,ME Capital Fund,Delegation,ETH,157.56,0.00
Moon Enterprises,ME Venture Fund,Delegation,APT,0.00,185.29
Moon Enterprises,ME Venture Fund,Delegation,SUI,130.13,0.00
Moon Enterprises,ME Venture Fund,Delegation,EVMOS,0.00,146.81
Electric Sheep,ES Capital Fund,Delegation,OSMO,184.58,0.00
Firetronics,FT Venture Fund,Delegation,APT,0.00,106.21
Electric Sheep,ES Venture Fund,Delegation,AXL,106.30,0.00
Electric Sheep,ES Venture Fund,Delegation,ATOM,0.00,139.79
Moon Enterprises,ME Capital Fund,Staking,SUI,179.20,0.00
Moon Enterprises,ME Capital Fund,Delegation,ATOM,0.00,186.68
Firetronics,FT Capital Fund,Staking,FLOW,159.39,0.00
Moon Enterprises,ME Capital Fund,Staking,EVMOS,0.00,108.17
Moon Enterprises,ME Venture Fund,Staking,EVMOS,118.91,0.00
Firetronics,FT Venture Fund,Delegation,ROSE,0.00,150.75
Electric Sheep,ES Venture Fund,Staking,ATOM,131.78,0.00
Electric Sheep,ES Capital Fund,Delegation,HASH,0.00,177.85
Moon Enterprises,ME Venture Fund,Staking,FLOW,114.88,0.00
Electric Sheep,ES Venture Fund,Staking,ATOM,0.00,142.51
Moon Enterprises,ME Venture Fund,Delegation,SOL,153.57,0.00
Moon Enterprises,ME Venture Fund,Staking,ATOM,0.00,187.14
Electric Sheep,ES Venture Fund,Delegation,SOL,149.38,0.00
Electric Sheep,ES Venture Fund,Delegation,FLOW,0.00,124.59
Moon Enterprises,ME Venture Fund,Delegation,SOL,156.97,0.00
Firetronics,FT Venture Fund,Delegation,EVMOS,0.00,128.32
Electric Sheep,ES Capital Fund,Staking,SOL,139.81,0.00
Moon Enterprises,ME Capital Fund,Delegation,HASH,0.00,142.39
Moon Enterprises,ME Capital Fund,Delegation,SUI,187.57,0.00
Moon Enterprises,ME Capital Fund,Delegation,ROSE,0.00,171.06
Electric Sheep,ES Venture Fund,Delegation,AXL,190.65,0.00
Electric Sheep,ES Venture Fund,Staking,SEI,0.00,101.39
Firetronics,FT Capital Fund,Staking,EVMOS,109.29,0.00
Firetronics,FT Capital Fund,Staking,AXL,0.00,194.22
Electric Sheep,ES Venture Fund,Staking,FLOW,143.23,0.00
Electric Sheep,ES Venture Fund,Delegation,EVMOS,0.00,122.67
Moon Enterprises,ME Capital Fund,Staking,ETH,109.87,0.00
Electric Sheep,ES Capital Fund,Staking,AXL,0.00,140.01
Moon Enterprises,ME Venture Fund,Staking,HASH,124.59,0.00
Moon Enterprises,ME Capital Fund,Delegation,AXL,0.00,131.09
Electric Sheep,ES Capital Fund,Staking,ATOM,140.56,0.00
Moon Enterprises,ME Venture Fund,Staking,FLOW,0.00,128.40
Electric Sheep,ES Venture Fund,Delegation,HASH,191.89,0.00
Moon Enterprises,ME Capital Fund,Staking,ROSE,0.00,195.84
Moon Enterprises,ME Venture Fund,Staking,OSMO,114.74,0.00
Moon Enterprises,ME Capital Fund,Staking,EVMOS,0.00,197.58
Moon Enterprises,ME Venture Fund,Staking,SUI,123.70,0.00
Moon Enterprises,ME Capital Fund,Delegation,CELO,0.00,135.20
Firetronics,FT Venture Fund,Staking,ROSE,129.42,0.00
Moon Enterprises,ME Venture Fund,Staking,SUI,0.00,186.12
Moon Enterprises,ME Venture Fund,Staking,CELO,117.20,0.00
Electric Sheep,ES Venture Fund,Staking,FLOW,0.00,109.27
Electric Sheep,ES Venture Fund,Delegation,ROSE,162.19,0.00
Electric Sheep,ES Capital Fund,Staking,OSMO,0.00,132.80
Electric Sheep,ES Capital Fund,Delegation,FLOW,133.39,0.00
Electric Sheep,ES Venture Fund,Delegation,SUI,0.00,147.10
Moon Enterprises,ME Capital Fund,Staking,ETH,198.44,0.00
Firetronics,FT Venture Fund,Staking,APT,0.00,187.21
Moon Enterprises,ME Capital Fund,Delegation,AXL,196.32,0.00
Electric Sheep,ES Venture Fund,Delegation,HASH,0.00,199.99
Electric Sheep,ES Venture Fund,Delegation,APT,100.95,0.00
Electric Sheep,ES Venture Fund,Staking,SOL,0.00,190.93
Moon Enterprises,ME Venture Fund,Staking,HASH,186.88,0.00
Electric Sheep,ES Venture Fund,Staking,CELO,0.00,115.23
Electric Sheep,ES Capital Fund,Staking,ROSE,132.52,0.00
Moon Enterprises,ME Venture Fund,Staking,AXL,0.00,121.76
Electric Sheep,ES Venture Fund,Staking,SUI,160.85,0.00
Moon Enterprises,ME Venture Fund,Staking,ROSE,0.00,150.37
Moon Enterprises,ME Venture Fund,Delegation,ETH,181.85,0.00
Moon Enterprises,ME Capital Fund,Delegation,APT,0.00,190.95
Firetronics,FT Capital Fund,Delegation,APT,173.55,0.00
Moon Enterprises,ME Venture Fund,Delegation,OSMO,0.00,143.94
Firetronics,FT Capital Fund,Staking,HASH,102.65,0.00
Moon Enterprises,ME Venture Fund,Delegation,SOL,0.00,195.88
Electric Sheep,ES Venture Fund,Delegation,ROSE,118.72,0.00
Firetronics,FT Venture Fund,Staking,ETH,0.00,157.79
Moon Enterprises,ME Capital Fund,Staking,SUI,184.06,0.00
Electric Sheep,ES Venture Fund,Delegation,ATOM,0.00,169.28
Electric Sheep,ES Venture Fund,Staking,CELO,122.74,0.00
Moon Enterprises,ME Capital Fund,Delegation,CELO,0.00,124.23
Firetronics,FT Capital Fund,Delegation,CELO,100.91,0.00
Moon Enterprises,ME Capital Fund,Delegation,ROSE,0.00,114.14
Moon Enterprises,ME Capital Fund,Delegation,SEI,140.24,0.00
Firetronics,FT Venture Fund,Staking,OSMO,0.00,164.42
Electric Sheep,ES Venture Fund,Staking,ETH,189.25,0.00
Electric Sheep,ES Capital Fund,Staking,APT,0.00,143.61
Electric Sheep,ES Venture Fund,Delegation,SUI,133.46,0.00
Firetronics,FT Capital Fund,Staking,ETH,0.00,152.84
Electric Sheep,ES Venture Fund,Staking,SUI,117.48,0.00
Firetronics,FT Venture Fund,Delegation,FLOW,0.00,190.96
Firetronics,FT Capital Fund,Delegation,OSMO,103.57,0.00
Firetronics,FT Capital Fund,Staking,EVMOS,0.00,119.62
Moon Enterprises,ME Capital Fund,Delegation,ETH,149.64,0.00
Firetronics,FT Venture Fund,Staking,ROSE,0.00,150.61
Moon Enterprises,ME Capital Fund,Staking,AXL,145.13,0.00
Moon Enterprises,ME Venture Fund,Staking,APT,0.00,152.55
Electric Sheep,ES Capital Fund,Delegation,ROSE,106.20,0.00
Firetronics,FT Venture Fund,Delegation,FLOW,0.00,126.95
Firetronics,FT Venture Fund,Staking,SEI,141.30,0.00
Moon Enterprises,ME Capital Fund,Delegation,SUI,0.00,159.75
Firetronics,FT Capital Fund,Delegation,ROSE,157.98,0.00
Electric Sheep,ES Venture Fund,Staking,ETH,0.00,164.48
Firetronics,FT Capital Fund,Staking,CELO,190.92,0.00
Moon Enterprises,ME Capital Fund,Staking,CELO,0.00,108.07
Firetronics,FT Capital Fund,Delegation,SEI,164.06,0.00
Firetronics,FT Venture Fund,Delegation,HASH,0.00,106.71
Moon Enterprises,ME Venture Fund,Delegation,OSMO,154.51,0.00
Electric Sheep,ES Venture Fund,Staking,CELO,0.00,196.04
Moon Enterprises,ME Capital Fund,Staking,SOL,180.47,0.00
Electric Sheep,ES Venture Fund,Staking,SEI,0.00,109.05
Firetronics,FT Venture Fund,Staking,ATOM,183.12,0.00
Moon Enterprises,ME Venture Fund,Staking,ROSE,0.00,110.62
Firetronics,FT Capital Fund,Delegation,SOL,143.33,0.00
Firetronics,FT Venture Fund,Staking,FLOW,0.00,176.39
Firetronics,FT Venture Fund,Delegation,ROSE,172.42,0.00
Electric Sheep,ES Venture Fund,Staking,EVMOS,0.00,165.06
Electric Sheep,ES Capital Fund,Delegation,ATOM,111.62,0.00
Firetronics,FT Venture Fund,Delegation,EVMOS,0.00,142.84
Moon Enterprises,ME Venture Fund,Delegation,CELO,171.46,0.00
Firetronics,FT Capital Fund,Staking,APT,0.00,120.70
Moon Enterprises,ME Capital Fund,Delegation,SEI,129.08,0.00
Electric Sheep,ES Capital Fund,Delegation,APT,0.00,150.13
Electric Sheep,ES Venture Fund,Delegation,FLOW,168.63,0.00
Firetronics,FT Capital Fund,Delegation,AXL,0.00,182.14
Moon Enterprises,ME Venture Fund,Delegation,APT,141.26,0.00
Moon Enterprises,ME Capital Fund,Delegation,AXL,0.00,105.37
Firetronics,FT Capital Fund,Staking,OSMO,112.31,0.00
Electric Sheep,ES Capital Fund,Delegation,AXL,0.00,131.63
Electric Sheep,ES Venture Fund,Staking,EVMOS,192.75,0.00
Electric Sheep,ES Venture Fund,Delegation,AXL,0.00,168.59
Firetronics,FT Capital Fund,Delegation,OSMO,163.60,0.00
Electric Sheep,ES Venture Fund,Staking,SEI,0.00,136.27
Electric Sheep,ES Venture Fund,Staking,SOL,173.70,0.00
Moon Enterprises,ME Venture Fund,Delegation,HASH,0.00,180.15
Moon Enterprises,ME Venture Fund,Delegation,ETH,122.12,0.00
Firetronics,FT Venture Fund,Delegation,CELO,0.00,128.17
